foodurl,ingredients
"/recipe/nutrition/pots-of-passion-fruit-yogurt-with-coconut-macaroon,906976/",[]
"/recipe/nutrition/yogurt-and-chia-overnight-oats,906728/",[]
"/recipe/nutrition/guacamole-pizza,939661/",[]
"/recipe/nutrition/blueberry-chia-seed-pudding,907045/",[]
"/recipe/nutrition/ham-and-cheese-dunker-with-boiled-eggs,906676/",[]
"/recipe/nutrition/sweet-manicotti-pancakes,1181270/",[]
"/recipe/nutrition/fluffy-vegan-pancakes,386787/",[]
"/recipe/nutrition/tropical-green-fusion-smoothie,962343/",[]
"/recipe/nutrition/peach-chia-seed-pudding,906280/",[]
"/recipe/nutrition/pumpkin-spread-with-toasted-pita,334912/",[]
"/recipe/nutrition/chocolate-cherry-shake,412901/",[]
"/recipe/nutrition/strawberry-cheesecake-chia-pudding,337833/",[]
"/recipe/nutrition/blueberry-cheesecake-oatmeal,717900/",[]
"/recipe/nutrition/greek-yogurt-protein-pancakes,206184/",[]
"/recipe/nutrition/blueberry-yogurt-overnight-oats,924612/",[]
"/recipe/nutrition/grilled-monterey-jack-and-corn-quesadillas,45486/",[]
"/recipe/nutrition/pumpkin-pancakes,906227/",[]
"/recipe/nutrition/salmon-crackers,906552/",[]
"/recipe/nutrition/applesauce-pancakes,209534/",[]
"/recipe/nutrition/eggs-baked-in-avocado,211398/",[]
"/recipe/nutrition/french-crepes,976304/",[]
"/recipe/nutrition/blueberry-smoothie,413009/",[]
"/recipe/nutrition/asparagus-canadian-bacon-and-cheese-frittata,961653/",[]
"/recipe/nutrition/broccoli-feta-omelet-with-toast,1030012/",[]
"/recipe/nutrition/chia-pudding,939662/",[]
"/recipe/nutrition/cheesy-chorizo-frittata,986448/",[]
"/recipe/nutrition/lemon-and-vanilla-chia-pudding,338107/",[]
"/recipe/nutrition/green-am-smoothie,929997/",[]
"/recipe/nutrition/peach-yogurt-parfait,905755/",[]
"/recipe/nutrition/make-ahead-bacon-and-cheese-breakfast-burritos,999021/",[]
"/recipe/nutrition/protein-breakfast-burrito,736430/",[]
"/recipe/nutrition/pepper-and-hummus-toast,905662/",[]
"/recipe/nutrition/cranberry-and-flax-smoothie,905529/",[]
"/recipe/nutrition/asparagus-fontina-and-tomato-frittata,35012/",[]
"/recipe/nutrition/sriracha-scrambled-eggs-and-ham,907023/",[]
"/recipe/nutrition/scrambled-eggs-with-smoked-salmon,963093/",[]
"/recipe/nutrition/5-minute-honey-yogurt-quinoa-parfait,967745/",[]
"/recipe/nutrition/rice-cake-with-peanut-butter-coconut-and-dried-cra,905815/",[]
"/recipe/nutrition/fluffy-omelet-with-cheese-and-zucchini,906750/",[]
"/recipe/nutrition/keto-oatmeal,390611/",[]
"/recipe/nutrition/blueberry-and-sunflower-seed-steel-cut-oatmeal,1030027/",[]
"/recipe/nutrition/ham-egg-beaters-and-mushroom-scramble,928010/",[]
"/recipe/nutrition/gluten-free-quinoa-pancakes,905663/",[]
"/recipe/nutrition/matcha-scrambled-eggs-with-lime,717809/",[]
"/recipe/nutrition/overnight-chilled-honey-cinnamon-oats,906255/",[]
"/recipe/nutrition/canadian-bacon-and-avocado-omelet,717733/",[]
"/recipe/nutrition/spinach-feta-and-artichoke-breakfast-bake,961754/",[]
"/recipe/nutrition/pumpkin-granola,990766/",[]
"/recipe/nutrition/cold-goji-berry-porridge,717897/",[]
"/recipe/nutrition/almond-crusted-keto-quiche,390986/",[]
"/recipe/nutrition/fried-plantains-with-sour-cream,905864/",[]
"/recipe/nutrition/overnight-muesli,1015938/",[]
"/recipe/nutrition/egg-and-greens-sandwich,1015975/",[]
"/recipe/nutrition/flourless-vegan-pumpkin-muffins,339658/",[]
"/recipe/nutrition/breakfast-fruit-spinach-and-oats-shake,34781/",[]
"/recipe/nutrition/dairy-free-berry-banana-chia-yogurt,905893/",[]
"/recipe/nutrition/vanilla-crepes,35005/",[]
"/recipe/nutrition/sweet-potato-breakfast-skillet-with-bacon,971492/",[]
"/recipe/nutrition/pina-colada-chia-pudding,337830/",[]
"/recipe/nutrition/3-herb-breakfast-patties,925705/",[]
"/recipe/nutrition/scrambled-eggs-and-sausage-wrap,905974/",[]
"/recipe/nutrition/vegan-protein-burrito,1022459/",[]
"/recipe/nutrition/tropical-grain-free-breakfast-porridge,717901/",[]
"/recipe/nutrition/ham-and-cheese-egg-dunkers,386737/",[]
"/recipe/nutrition/sausage-and-egg-casserole,35007/",[]
"/recipe/nutrition/fluffy-canadian-pancakes,36703/",[]
"/recipe/nutrition/apple-cinnamon-oatmeal-frittata,56419/",[]
"/recipe/nutrition/peanut-butter-berry-pineapple-protein-smoothie,905748/",[]
"/recipe/nutrition/overnight-cranberry-oatmeal,1019361/",[]
"/recipe/nutrition/italian-eggs,412995/",[]
"/recipe/nutrition/fruit-ball,36717/",[]
"/recipe/nutrition/banana-oat-and-peanut-butter-muffin,950258/",[]
"/recipe/nutrition/paleo-egg-muffins,940670/",[]
"/recipe/nutrition/apple-sandwiches-with-almond-butter-granola,331868/",[]
"/recipe/nutrition/oat-cottage-pancakes,34809/",[]
"/recipe/nutrition/oat-bran,412972/",[]
"/recipe/nutrition/sunrise-oatmeal,905997/",[]
"/recipe/nutrition/bacon-and-zucchini-egg-muffins,984767/",[]
"/recipe/nutrition/breakfast-quinoa,204012/",[]
"/recipe/nutrition/raspberry-yogurt-parfait,936035/",[]
"/recipe/nutrition/strawberry-yogurt-and-strawberries,927270/",[]
"/recipe/nutrition/peach-cobbler-oatmeal,1017627/",[]
"/recipe/nutrition/lemon-berry-skillet-cake,978605/",[]
"/recipe/nutrition/breakfast-parfait,34796/",[]
"/recipe/nutrition/blackberry-yogurt-parfait,947715/",[]
"/recipe/nutrition/spiced-pumpkin-pancakes,45042/",[]
"/recipe/nutrition/raspberry-chia-seed-pudding,337828/",[]
"/recipe/nutrition/breakfast-stuffed-peppers,978555/",[]
"/recipe/nutrition/greek-yogurt-with-blue-and-blackberries,907174/",[]
"/recipe/nutrition/breakfast-oatmeal-with-milk-and-blueberries,905940/",[]
"/recipe/nutrition/2-ingredient-protein-pancakes,412920/",[]
"/recipe/nutrition/high-protein-omelet,940672/",[]
"/recipe/nutrition/microwave-vanilla-banana-oat-cake,906547/",[]
"/recipe/nutrition/waffles-with-raspberry-chocolate-sauce,925239/",[]
"/recipe/nutrition/baked-oatmeal,988546/",[]
"/recipe/nutrition/cinnamon-honey-oats,925724/",[]
"/recipe/nutrition/english-muffin-ham-breakfast-sandwich,906827/",[]
"/recipe/nutrition/avocado-and-salmon-toast,950214/",[]
"/recipe/nutrition/sweet-potato-and-mushroom-hash,1015933/",[]
"/recipe/nutrition/turkey-omelet,946456/",[]
"/recipe/nutrition/mushroom-and-pepper-egg-white-omelet,717837/",[]
"/recipe/nutrition/banana-almond-butter-toast,717818/",[]
"/recipe/nutrition/carrot-cake-chia-pudding,338096/",[]
"/recipe/nutrition/breakfast-sandwich,953094/",[]
"/recipe/nutrition/date-and-berry-oatmeal,921903/",[]
"/recipe/nutrition/plantain-bread,938692/",[]
"/recipe/nutrition/spinach-avocado-smoothie-bowl,1028348/",[]
"/recipe/nutrition/broccoli-quiche,35557/",[]
"/recipe/nutrition/coconut-flour-pancake,907140/",[]
"/recipe/nutrition/almond-flour-pancakes,254503/",[]
"/recipe/nutrition/light-peach-yogurt,717747/",[]
"/recipe/nutrition/banana-peanut-butter-chia-pudding,337829/",[]
"/recipe/nutrition/greek-yogurt-and-berry-parfait,412923/",[]
"/recipe/nutrition/puff-pastry-apple-strudel-toastie,949290/",[]
"/recipe/nutrition/avocado-and-cottage-cheese-toast,906531/",[]
"/recipe/nutrition/protein-banana-egg-pancakes,906510/",[]
"/recipe/nutrition/gluten-free-pancakes,56595/",[]
"/recipe/nutrition/eggs-greens,983905/",[]
"/recipe/nutrition/banana-raisin-oatmeal,412949/",[]
"/recipe/nutrition/greek-yogurt-with-mixed-berries,905617/",[]
"/recipe/nutrition/potato-hash-with-spinach,386801/",[]
"/recipe/nutrition/maple-banana-oats,906975/",[]
"/recipe/nutrition/kale-mozzarella-and-egg-bake,983032/",[]
"/recipe/nutrition/poached-egg-turkey-and-roast-beef-bagel-breakfast-,971329/",[]
"/recipe/nutrition/tasty-turkey-spinach-omelet,56672/",[]
"/recipe/nutrition/breakfast-sandwich-with-egg-cheese-and-ham,907150/",[]
"/recipe/nutrition/crustless-quiche,45654/",[]
"/recipe/nutrition/banana-tahini-toast,343691/",[]
"/recipe/nutrition/simple-spinach-scramble,56823/",[]
"/recipe/nutrition/cinnamon-apple-protein-oatmeal,906115/",[]
"/recipe/nutrition/cinnamon-almond-oatmeal,1012918/",[]
"/recipe/nutrition/egg-in-a-cup,36680/",[]
"/recipe/nutrition/chocolate-banana-oatmeal,907085/",[]
"/recipe/nutrition/egg-and-onion-scramble,927914/",[]
"/recipe/nutrition/keto-breakfast-tacos,940692/",[]
"/recipe/nutrition/pesto-scrambled-eggs,253961/",[]
"/recipe/nutrition/pomegranate-muesli,921897/",[]
"/recipe/nutrition/fruit-cereal,386796/",[]
"/recipe/nutrition/french-toast,412932/",[]
"/recipe/nutrition/mango-raspberry-rice-bowl,906068/",[]
"/recipe/nutrition/fruit-and-nut-bowl,921896/",[]
"/recipe/nutrition/sunrise-raisin-oatmeal,34543/",[]
"/recipe/nutrition/poached-eggs-on-toast,905725/",[]
"/recipe/nutrition/pumpkin-scrambled-eggs,906486/",[]
"/recipe/nutrition/tomato-frittita,990752/",[]
"/recipe/nutrition/avocado-and-egg-toast,906467/",[]
"/recipe/nutrition/oatmeal-pancakes,906029/",[]
"/recipe/nutrition/microwave-peanut-butter-protein-oats,1016932/",[]
"/recipe/nutrition/pesto-scrambled-egg-whites,905758/",[]
"/recipe/nutrition/huevos-pericos,1472994/",[]
"/recipe/nutrition/breakfast-quesadilla,56554/",[]
"/recipe/nutrition/scrambled-eggs-with-spinach-and-mexican-blend-chee,906914/",[]
"/recipe/nutrition/scrambled-eggs-with-vegetables,412900/",[]
"/recipe/nutrition/peanut-butter-banana-oatmeal,413007/",[]
"/recipe/nutrition/veggie-omelet,930964/",[]
"/recipe/nutrition/scrambled-eggs-with-spinach-and-ricotta,906150/",[]
"/recipe/nutrition/banana-egg-pancakes,254997/",[]
"/recipe/nutrition/corn-flakes,35465/",[]
"/recipe/nutrition/scrambled-eggs-with-cheddar-cheese,906338/",[]
"/recipe/nutrition/scrambled-eggs-with-bell-pepper-and-feta,906917/",[]
"/recipe/nutrition/egg-avocado-and-bacon-scramble,905706/",[]
"/recipe/nutrition/cinnamon-sugar-toast-with-sea-salt,906849/",[]
"/recipe/nutrition/eggs-cheese-and-bacon-omelet,925744/",[]
"/recipe/nutrition/pineapple-sriracha-breakfast-bowl,939594/",[]
"/recipe/nutrition/protein-pancakes,906689/",[]
"/recipe/nutrition/ackee-fritters,853742/",[]
"/recipe/nutrition/corned-beef-hash-cakes,36591/",[]
"/recipe/nutrition/fluffy-cottage-cheese-pancakes,927854/",[]
"/recipe/nutrition/skinny-chicken-and-vegetable-frittata,979443/",[]
"/recipe/nutrition/morning-lox-salad,906744/",[]
"/recipe/nutrition/sausage-spinach-and-feta-frittata,1012966/",[]
"/recipe/nutrition/breakfast-quinoa,212316/",[]
"/recipe/nutrition/almond-raspberry-smoothie,1011228/",[]
"/recipe/nutrition/tofu-scramble-with-sweet-potato-greens,927891/",[]
"/recipe/nutrition/paleo-zucchini-oatless-oatmeal-gf-paleo-low-cal,950212/",[]
"/recipe/nutrition/pbj-smoothie,205393/",[]
"/recipe/nutrition/tomato-avocado-quiche,34993/",[]
"/recipe/nutrition/fried-egg-on-toast-with-pepper-jack-and-avocado,906536/",[]
"/recipe/nutrition/poached-egg-with-baked-beans-on-toast,927326/",[]
"/recipe/nutrition/sausage-egg-muffins,958678/",[]
"/recipe/nutrition/ham-and-sweet-potato-hash-with-fried-eggs,45595/",[]
"/recipe/nutrition/twiix-chocolate-croissants,997991/",[]
"/recipe/nutrition/eggs-piperade,956562/",[]
"/recipe/nutrition/strawberry-french-toast,54627/",[]
"/recipe/nutrition/buckwheat-pancakes-with-oranges-and-honey,949272/",[]
"/recipe/nutrition/cherry-fridge-oats,936017/",[]
"/recipe/nutrition/bacon-and-tomato-cups,35003/",[]
"/recipe/nutrition/omega-waffles,905938/",[]
"/recipe/nutrition/whole-wheat-blueberry-waffles,987096/",[]
"/recipe/nutrition/goat-cheese-tomato-and-parsley-scramble,1008871/",[]
"/recipe/nutrition/strawberries-and-cream-smoothie,946459/",[]
"/recipe/nutrition/maple-walnut-protein-muffin,56830/",[]
"/recipe/nutrition/supergreen-chia-pudding,338090/",[]
"/recipe/nutrition/peaches-and-greens-smoothie,944162/",[]
"/recipe/nutrition/pineapple-coconut-vitamin-c-smoothie,906972/",[]
"/recipe/nutrition/rise-and-shine-smoothie,413006/",[]
"/recipe/nutrition/coconut-quinoa,906306/",[]
"/recipe/nutrition/blueberry-almond-chia-pudding,337825/",[]
"/recipe/nutrition/everyday-granola,976313/",[]
"/recipe/nutrition/paleo-sausage-and-veggie-scramble,907097/",[]
"/recipe/nutrition/coconut-flour-protein-waffles,717871/",[]
"/recipe/nutrition/soy-milk-pancakes,906634/",[]
"/recipe/nutrition/banana-and-cashew-cream-smoothie,906805/",[]
"/recipe/nutrition/quick-brownbag-burritos,45259/",[]
"/recipe/nutrition/toxin-cleanse-detox-smoothie,1008876/",[]
"/recipe/nutrition/blueberry-chocolate-smoothie,905921/",[]
"/recipe/nutrition/toasted-camembert-and-pear-sandwich,717883/",[]
"/recipe/nutrition/green-egg-muffin,980092/",[]
"/recipe/nutrition/creamy-white-cheddar-grits,999561/",[]
"/recipe/nutrition/blueberry-almond-and-kale-smoothie,905858/",[]
"/recipe/nutrition/overnight-honey-chia-oats,938697/",[]
"/recipe/nutrition/red-eye-protein-parfait,906722/",[]
"/recipe/nutrition/cinnamon-peach-cottage-cheese-pancake,34390/",[]
"/recipe/nutrition/fruit-and-berry-compote,921895/",[]
"/recipe/nutrition/overnight-buckwheat-and-steel-cut-oats-breakfast,958716/",[]
"/recipe/nutrition/banana-bruschetta,936976/",[]
"/recipe/nutrition/seedy-avocado-toast,950216/",[]
"/recipe/nutrition/peach-oatmeal-smoothie,907082/",[]
"/recipe/nutrition/breakfast-nachos,33597/",[]
"/recipe/nutrition/vegetarian-breakfast-burrito,906624/",[]
"/recipe/nutrition/rosemary-potato-egg-bake,420781/",[]
"/recipe/nutrition/tarragon-and-chive-eggs,905669/",[]
"/recipe/nutrition/keto-spinach-and-sausage-breakfast-muffins,983925/",[]
"/recipe/nutrition/fried-egg-and-sausage-ciabatta-breakfast-pizzas,45218/",[]
"/recipe/nutrition/english-muffin-egg-sandwich,906022/",[]
"/recipe/nutrition/vanilla-chia-seed-pudding,944189/",[]
"/recipe/nutrition/oat-pancakes,906275/",[]
"/recipe/nutrition/bacon-fig-and-arugula-toast,906107/",[]
"/recipe/nutrition/gluten-free-keto-pancakes,717822/",[]
"/recipe/nutrition/sticky-bun-chia-seed-pudding,338083/",[]
"/recipe/nutrition/5-minute-healthy-strawberry-frozen-yogurt,905654/",[]
"/recipe/nutrition/spinach-feta-quiche-with-sweet-potato-crust,699649/",[]
"/recipe/nutrition/vegan-pancakes,717908/",[]
"/recipe/nutrition/egg-muffins-with-sausage,1003972/",[]
"/recipe/nutrition/egg-mushroom-cups,906465/",[]
"/recipe/nutrition/breakfast-burrito,34108/",[]
"/recipe/nutrition/spinach-pepper-and-tomato-scramble-on-toast,1022429/",[]
"/recipe/nutrition/vegangf-pancakes,207252/",[]
"/recipe/nutrition/ground-beef-omelet,936045/",[]
"/recipe/nutrition/egg-white-frittata,934831/",[]
"/recipe/nutrition/chocolate-covered-berry-smoothie,962346/",[]
"/recipe/nutrition/vanilla-chai-chia-pudding,338086/",[]
"/recipe/nutrition/fried-irish-cabbage-with-bacon,36715/",[]
"/recipe/nutrition/spinach-and-mozzarella-egg-bake,967751/",[]
"/recipe/nutrition/mango-smoothie-bowl,942566/",[]
"/recipe/nutrition/pineapple-protein-chia-seed-pudding,973105/",[]
"/recipe/nutrition/maple-berry-chia-overnight-oats,905933/",[]
"/recipe/nutrition/chocolate-overnight-oats,907136/",[]
"/recipe/nutrition/egg-burrito,938732/",[]
"/recipe/nutrition/raspberry-peanut-butter-protein-smoothie,1021719/",[]
"/recipe/nutrition/low-carb-maple-pecan-pancakes,961645/",[]
"/recipe/nutrition/skinny-mini-banana-muffins,905861/",[]
"/recipe/nutrition/poached-eggs-with-bacon-and-tomatoes,1004758/",[]
"/recipe/nutrition/strawberry-banana-greek-yogurt-with-honey,905715/",[]
"/recipe/nutrition/scrambled-eggs-with-bacon-and-mushrooms,717793/",[]
"/recipe/nutrition/savory-crepes,925217/",[]
"/recipe/nutrition/paleo-tomato-and-egg-scramble,1468396/",[]
"/recipe/nutrition/turkey-and-cheese-omelet,906714/",[]
"/recipe/nutrition/banana-protein-pancakes,413003/",[]
"/recipe/nutrition/banana-oatmeal-smoothie,254476/",[]
"/recipe/nutrition/turkey-and-spinach-omelet,907152/",[]
"/recipe/nutrition/scrambled-eggs-with-sausage-and-feta,907211/",[]
"/recipe/nutrition/keto-pancakes-recipe,927237/",[]
"/recipe/nutrition/vegan-french-toast,34842/",[]
"/recipe/nutrition/blackberry-chocolate-shake,925723/",[]
"/recipe/nutrition/eggs-and-oatmeal,938729/",[]
"/recipe/nutrition/spinach-and-mushroom-eggs,924498/",[]
"/recipe/nutrition/apple-cinnamon-baked-oatmeal,937016/",[]
"/recipe/nutrition/warm-blueberry-yogurt,905598/",[]
"/recipe/nutrition/spinach-and-pear-omelet,906392/",[]
"/recipe/nutrition/simple-tofu-scramble,207270/",[]
"/recipe/nutrition/peanut-butter-oatmeal-and-berries,906362/",[]
"/recipe/nutrition/parsley-and-tomato-scramble,1014250/",[]
"/recipe/nutrition/mushroom-egg-white-omelet,906216/",[]
"/recipe/nutrition/oatmeal-and-apples,386802/",[]
"/recipe/nutrition/apple-granola-cookies,907128/",[]
"/recipe/nutrition/overnight-apple-cinnamon-oatmeal,1021595/",[]
"/recipe/nutrition/peach-mango-orange-smoothie,907083/",[]
"/recipe/nutrition/sausage-egg-and-cheese-scramble,412929/",[]
"/recipe/nutrition/buttermilk-french-toast,45585/",[]
"/recipe/nutrition/buckwheat-pancakes,939574/",[]
"/recipe/nutrition/strawberry-tofu-smoothie,906045/",[]
"/recipe/nutrition/omelet-with-cheese-and-spinach,925741/",[]
"/recipe/nutrition/egg-white-spinach-omelet,905907/",[]
"/recipe/nutrition/eggs-cheese-turkey-sausage-omelet,35583/",[]
"/recipe/nutrition/simple-meat-scramble,906580/",[]
"/recipe/nutrition/strawberry-oatmeal,717811/",[]
"/recipe/nutrition/oregano-eggs,967741/",[]
"/recipe/nutrition/peanut-butter-yogurt-oatmeal,906069/",[]
"/recipe/nutrition/apple-toast,36608/",[]
"/recipe/nutrition/tofu-eggs,927346/",[]
"/recipe/nutrition/fried-corn-with-bacon,36713/",[]
"/recipe/nutrition/scottish-porridge,205654/",[]
"/recipe/nutrition/sausage-egg-and-cheese-muffin,924554/",[]
"/recipe/nutrition/bacon-and-egg-scramble-with-bell-peppers-mushrooms,1014220/",[]
"/recipe/nutrition/greek-yogurt-pancakes-and-berry-sauce,921340/",[]
"/recipe/nutrition/quinoa-breakfast-pudding,980146/",[]
"/recipe/nutrition/baked-blueberry-oatmeal,991619/",[]
"/recipe/nutrition/breakfast-berry-cobbler,986384/",[]
"/recipe/nutrition/baked-eggs-in-ham,921830/",[]
"/recipe/nutrition/ham-pepper-and-tomato-scramble,907206/",[]
"/recipe/nutrition/pesto-scrambled-eggs,925213/",[]
"/recipe/nutrition/chia-and-guava-quark,906420/",[]
"/recipe/nutrition/banana-protein-pancakes-with-yogurt-glaze,1009711/",[]
"/recipe/nutrition/berry-soymilk-smoothie,927861/",[]
"/recipe/nutrition/strawberry-banana-paleo-breakfast-bars,980842/",[]
"/recipe/nutrition/peanut-butter-yogurt-and-oats,927918/",[]
"/recipe/nutrition/turkey-goat-cheese-and-spinach-omelet,717843/",[]
"/recipe/nutrition/iced-gingerbread-protein-doughnuts,412897/",[]
"/recipe/nutrition/fluffy-whole-wheat-biscuits,224327/",[]
"/recipe/nutrition/coconut-flour-bread,920491/",[]
"/recipe/nutrition/big-apple-pancake,57091/",[]
"/recipe/nutrition/quinoa-cinnamon-breakfast-bowl,1017618/",[]
"/recipe/nutrition/veggie-egg-white-muffins,907214/",[]
"/recipe/nutrition/strawberry-crepes,35072/",[]
"/recipe/nutrition/stuffed-breakfast-peppers,986457/",[]
"/recipe/nutrition/anabolic-blueberry-oatmeal,921324/",[]
"/recipe/nutrition/oatmeal-with-diced-fruit-and-pistachios,905890/",[]
"/recipe/nutrition/peaches-and-cream-oatmeal,412889/",[]
"/recipe/nutrition/overnight-coconut-chia-pudding-breakfast-bowl,942528/",[]
"/recipe/nutrition/chocolate-peanut-butter-pancakes,905782/",[]
"/recipe/nutrition/berry-bran-shake,1014228/",[]
"/recipe/nutrition/banana-cream-pie-oatmeal,905618/",[]
"/recipe/nutrition/pear-oatmeal,906093/",[]
"/recipe/nutrition/super-green-smoothie-bowl,906949/",[]
"/recipe/nutrition/oats-with-rice-milk-and-banana,925250/",[]
"/recipe/nutrition/vegan-banana-oat-pancakes,906509/",[]
"/recipe/nutrition/basic-vegetable-juice,1008872/",[]
"/recipe/nutrition/egg-and-kale-muffin,1004097/",[]
"/recipe/nutrition/omelet-cupcakes,1004080/",[]
"/recipe/nutrition/tomagoyaki,906084/",[]
"/recipe/nutrition/bacon-egg-and-tomato-club-sandwiches,45604/",[]
"/recipe/nutrition/steak-and-eggs-hash,34091/",[]
"/recipe/nutrition/super-green-smoothie,905936/",[]
"/recipe/nutrition/tofu-scramble,34942/",[]
"/recipe/nutrition/apple-strawberry-and-flax-smoothie,907133/",[]
"/recipe/nutrition/egg-white-oatmeal-with-blueberries,906185/",[]
"/recipe/nutrition/morning-omelet,1017584/",[]
"/recipe/nutrition/peanut-butter-protein-oats,905819/",[]
"/recipe/nutrition/coconut-flour-waffles,955706/",[]
"/recipe/nutrition/overnight-chocolate-chia-seed-pudding,948541/",[]
"/recipe/nutrition/egg-in-a-hole-sandwich,905843/",[]
"/recipe/nutrition/pumpkin-protein-pancakes,957199/",[]
"/recipe/nutrition/cinnamon-oatmeal-pancakes,47173/",[]
"/recipe/nutrition/coconut-milk-with-oatmeal-dates-and-raisins,925748/",[]
"/recipe/nutrition/avocado-toast-with-cottage-cheese-eggs,958676/",[]
"/recipe/nutrition/chia-cottage-cheese-with-blueberries,906311/",[]
"/recipe/nutrition/garlic-and-onion-frittata,717820/",[]
"/recipe/nutrition/broccoli-and-cheddar-mini-quiches,998992/",[]
"/recipe/nutrition/spicy-fried-eggs,34940/",[]
"/recipe/nutrition/vegan-oatmeal-pancakes,967732/",[]
"/recipe/nutrition/prosciutto-paleo-breakfast-muffins,1004090/",[]
"/recipe/nutrition/cinnamon-banana-and-nectarine-smoothie,905709/",[]
"/recipe/nutrition/anti-inflammatory-keto-porridge,413441/",[]
"/recipe/nutrition/cinnamon-apple-and-honey-toast,905981/",[]
"/recipe/nutrition/banana-oat-baked-french-toast,375135/",[]
"/recipe/nutrition/raspberry-coconut-parfait,947800/",[]
"/recipe/nutrition/italian-baked-eggs,992399/",[]
"/recipe/nutrition/strawberry-mango-shake,905983/",[]
"/recipe/nutrition/egg-in-a-nest,34088/",[]
"/recipe/nutrition/tropical-breakfast-quinoa,413000/",[]
"/recipe/nutrition/chicken-stir-fry,34740/",[]
"/recipe/nutrition/protein-power-oats,1015985/",[]
"/recipe/nutrition/banana-and-berries-smoothie,940683/",[]
"/recipe/nutrition/overnight-chai-chia-breakfast-parfait,936028/",[]
"/recipe/nutrition/high-fat-chorizo-cheese-and-egg-burrito,966092/",[]
"/recipe/nutrition/chocolate-granola,906453/",[]
"/recipe/nutrition/easy-bacon-and-cheese-quiche,35004/",[]
"/recipe/nutrition/german-french-toast,36727/",[]
"/recipe/nutrition/muesli-and-yogurt-with-chia,905549/",[]
"/recipe/nutrition/grilled-breakfast-pizza,939671/",[]
"/recipe/nutrition/crepes,905572/",[]
"/recipe/nutrition/yummy-crepes,36562/",[]
"/recipe/nutrition/greens-and-turkey-breakfast-bowl,906259/",[]
"/recipe/nutrition/breakfast-pita-pizza,34083/",[]
"/recipe/nutrition/chunky-monkey-overnight-oats,947763/",[]
"/recipe/nutrition/tofu-scramble-and-avocado-toast,973773/",[]
"/recipe/nutrition/breakfast-potatoes-and-bacon,998119/",[]
"/recipe/nutrition/breakfast-taquitos,953995/",[]
"/recipe/nutrition/match-green-tea-chia-pudding,338085/",[]
"/recipe/nutrition/practical-paleo-swirly-crustless-quiche,38192/",[]
"/recipe/nutrition/mango-chia-pudding,338105/",[]
"/recipe/nutrition/pumpkin-spice-breakfast-muffins,968829/",[]
"/recipe/nutrition/sausage-and-cheese-breakfast-cups,209450/",[]
"/recipe/nutrition/orange-blueberry-yogurt-smoothie,906586/",[]
"/recipe/nutrition/bagel-with-cream-cheese-and-lox,906737/",[]
"/recipe/nutrition/paleo-breakfast-cookies,979396/",[]
"/recipe/nutrition/zucchini-frittata,56825/",[]
"/recipe/nutrition/avocado-breakfast-smoothie,1012946/",[]
"/recipe/nutrition/spiced-sweet-potato-and-goat-cheese-egg-skillet,211396/",[]
"/recipe/nutrition/oat-bran-pancake,1019299/",[]
"/recipe/nutrition/spiced-berry-cobbler-oatmeal,905984/",[]
"/recipe/nutrition/pesto-pasta-with-grilled-chicken,947692/",[]
"/recipe/nutrition/coconut-flour-english-muffins,925232/",[]
"/recipe/nutrition/overnight-oats-in-a-jar,924555/",[]
"/recipe/nutrition/bare-banana-chia-shake,905910/",[]
"/recipe/nutrition/overnight-blackberry-coconut-chia-seed-pudding,1023392/",[]
"/recipe/nutrition/cream-of-wheat,939567/",[]
"/recipe/nutrition/banana-kiwi-and-yogurt-smoothie,906528/",[]
"/recipe/nutrition/red-pepper-avocado-toast,927290/",[]
"/recipe/nutrition/vega-one-blackberry-strawberry-and-acai-smoothie,924542/",[]
"/recipe/nutrition/peanut-butter-swirl-brownies,976331/",[]
"/recipe/nutrition/blueberry-banana-breakfast-bars,980137/",[]
"/recipe/nutrition/cinnamon-porridge-with-blueberries-and-coconut-yog,412880/",[]
"/recipe/nutrition/eggs-cheese-and-mushroom-omelet,906809/",[]
"/recipe/nutrition/denver-omelet,253964/",[]
"/recipe/nutrition/4-ingredient-protein-bars,921866/",[]
"/recipe/nutrition/3-ingredient-protein-pancakes,717765/",[]
"/recipe/nutrition/turkey-goat-cheese-and-spinach-egg-white-omelet,717875/",[]
"/recipe/nutrition/peanut-butter-banana-oatmeal-shake,906542/",[]
"/recipe/nutrition/vegan-breakfast-potatoes,906699/",[]
"/recipe/nutrition/caramelized-onion-frittata,34381/",[]
"/recipe/nutrition/oatmeal-banana-pancakes,47105/",[]
"/recipe/nutrition/lowcountry-breakfast-shrimp,45482/",[]
"/recipe/nutrition/berry-chia-pudding,906223/",[]
"/recipe/nutrition/chocolate-peanut-butter-pancakes,929906/",[]
"/recipe/nutrition/tomatillo-and-avocado-scramble,207909/",[]
"/recipe/nutrition/avocado-egg-bake,906721/",[]
"/recipe/nutrition/cheesy-egg-muffins,925214/",[]
"/recipe/nutrition/apple-pecan-steel-cut-oats,1022492/",[]
"/recipe/nutrition/banana-oatmeal,33511/",[]
"/recipe/nutrition/low-carb-breakfast-lasagna,388903/",[]
"/recipe/nutrition/knock-oats,56257/",[]
"/recipe/nutrition/cheese-bacon-and-egg-breakfast-scramble,976349/",[]
"/recipe/nutrition/crustless-spinach-quiche,34999/",[]
"/recipe/nutrition/protein-greek-yogurt-and-fruit-salad,906519/",[]
"/recipe/nutrition/hummus-eggs,1011206/",[]
"/recipe/nutrition/omelet-with-feta-and-bacon,906889/",[]
"/recipe/nutrition/egg-in-a-basket,46007/",[]
"/recipe/nutrition/breakfast-sandwich,907180/",[]
"/recipe/nutrition/cream-cheese-omelet,717798/",[]
"/recipe/nutrition/mexican-pepper-and-cheese-breakfast-quesadilla,905991/",[]
"/recipe/nutrition/cinnamon-apple-oatmeal,907076/",[]
"/recipe/nutrition/fluffy-omelet-with-cheese-and-spinach,33531/",[]
"/recipe/nutrition/oatmeal-and-peaches,34544/",[]
"/recipe/nutrition/pice-de-gallo-egg-white-cups,717766/",[]
"/recipe/nutrition/paleo-pancakes,924577/",[]
"/recipe/nutrition/baked-blueberry-peach-oatmeal,1004108/",[]
"/recipe/nutrition/apple-crumble-supreme,921892/",[]
"/recipe/nutrition/oatmeal-with-maple-syrup-almond-milk-and-bacon,1022436/",[]
"/recipe/nutrition/cinnamon-porridge-with-blueberries-and-coconut-yog,925730/",[]
"/recipe/nutrition/breakfast-carrot-cake,967057/",[]
"/recipe/nutrition/cinnamon-banana-mug-cake,906429/",[]
"/recipe/nutrition/blueberry-protein-pudding,386736/",[]
"/recipe/nutrition/overnight-carrot-cake-porridge,1012810/",[]
"/recipe/nutrition/tuna-melt-omelet,905625/",[]
"/recipe/nutrition/healthy-banana-oat-pancakes,905682/",[]
"/recipe/nutrition/berry-yogurt-smoothie,929987/",[]
"/recipe/nutrition/denver-omelet,225159/",[]
"/recipe/nutrition/southwest-salsa-eggs,906743/",[]
"/recipe/nutrition/tomato-cream-cheese-and-pepper-sandwich,906419/",[]
"/recipe/nutrition/buttered-toast-with-cinnamon,906422/",[]
"/recipe/nutrition/blueberry-and-brazil-nut-oatmeal,906289/",[]
"/recipe/nutrition/oranges,477502/",[]
"/recipe/nutrition/breakfast-margherita-pizza,1030016/",[]
"/recipe/nutrition/buckwheat-banana-pancakes,955660/",[]
"/recipe/nutrition/heuvos-rancheros,905799/",[]
"/recipe/nutrition/blueberry-maple-syrup-oatmeal,1019339/",[]
"/recipe/nutrition/cinnamon-yogurt-with-sliced-apple,1014244/",[]
"/recipe/nutrition/rooster-bullet-sandwich,34829/",[]
"/recipe/nutrition/classic-avocado-toast,942517/",[]
"/recipe/nutrition/egg-whites-on-toast,931806/",[]
"/recipe/nutrition/peanut-butter-banana-toast,39533/",[]
"/recipe/nutrition/blueberry-parfait,920492/",[]
"/recipe/nutrition/spinach-and-mushroom-breakfast-scramble,1008874/",[]
"/recipe/nutrition/quick-and-easy-home-fries,206224/",[]
"/recipe/nutrition/egg-and-cheese-breakfast-sandwich,717847/",[]
"/recipe/nutrition/peach-avocado-smoothie,906482/",[]
"/recipe/nutrition/swiss-bircher-muesli,34864/",[]
"/recipe/nutrition/eggs-on-toast-with-goat-cheese-peas,416865/",[]
"/recipe/nutrition/bacon-cheddar-steel-cut-oatmeal,213325/",[]
"/recipe/nutrition/spinach-goat-cheese-and-chorizo-omelet,956508/",[]
"/recipe/nutrition/fruity-kale-morning-smoothie,1009746/",[]
"/recipe/nutrition/quinoa-and-egg-enchilada-skillet,991688/",[]
"/recipe/nutrition/chai-chia-pudding-no-sugar,412893/",[]
"/recipe/nutrition/overnight-chia-pudding,936978/",[]
"/recipe/nutrition/overnight-banana-nut-porridge,956564/",[]
"/recipe/nutrition/pumpkin-gingerbread-smoothie,920495/",[]
"/recipe/nutrition/grapefruit-ginger-chia-pudding,338101/",[]
"/recipe/nutrition/quinoa-superfood-breakfast-bowl,377393/",[]
"/recipe/nutrition/date-and-pistachio-porridge,987088/",[]
"/recipe/nutrition/overnight-oats,925241/",[]
"/recipe/nutrition/bacon-egg-and-cheese-breakfast-bagel,1015949/",[]
"/recipe/nutrition/cucumber-apple-berry-smoothie,906998/",[]
"/recipe/nutrition/protein-breakfast-muffin,927824/",[]
"/recipe/nutrition/coconut-cinnamon-oats,951750/",[]
"/recipe/nutrition/simple-vegan-date-bars,378536/",[]
"/recipe/nutrition/everything-bagel-with-cream-cheese-and-cucumber,1022511/",[]
"/recipe/nutrition/apricot-smoothie,925747/",[]
"/recipe/nutrition/mixed-berry-morning-smoothie,924568/",[]
"/recipe/nutrition/yam-muffins,999593/",[]
"/recipe/nutrition/high-protein-banana-oatcake,905752/",[]
"/recipe/nutrition/spinach-date-and-almond-green-smoothie,939606/",[]
"/recipe/nutrition/paleo-cocoa-puffs,986445/",[]
"/recipe/nutrition/omelette-with-goat-cheese-and-bacon,34797/",[]
"/recipe/nutrition/country-sausage-gravy,925731/",[]
"/recipe/nutrition/egg-white-omelet,254454/",[]
"/recipe/nutrition/chocolate-oats,906358/",[]
"/recipe/nutrition/acai-berry-smoothie,948583/",[]
"/recipe/nutrition/cucumber-avocado-soup-soupe-glacee-a-lavocat,39221/",[]
"/recipe/nutrition/blueberry-shake,45693/",[]
"/recipe/nutrition/banana-and-kale-smoothie,927342/",[]
"/recipe/nutrition/simple-chicken-sandwich,931792/",[]
"/recipe/nutrition/keto-breakfast-burger,940693/",[]
"/recipe/nutrition/strawberry-spinach-and-ginger-thick-green-smoothie,905778/",[]
"/recipe/nutrition/german-pancakes,36728/",[]
"/recipe/nutrition/skinny-greek-omelet,934827/",[]
"/recipe/nutrition/tropical-coconut-oatmeal,378823/",[]
"/recipe/nutrition/chocolate-avocado-toast,950217/",[]
"/recipe/nutrition/grab-and-go-breakfast-muffins,998011/",[]
"/recipe/nutrition/chocolate-peanut-butter-overnight-oats,947705/",[]
"/recipe/nutrition/tropical-fruit-salad,921904/",[]
"/recipe/nutrition/apple-oatmeal,1011209/",[]
"/recipe/nutrition/nectarine-and-stawberry-porridge,949327/",[]
"/recipe/nutrition/smores-granola,993017/",[]
"/recipe/nutrition/cream-cheese-lox-and-capers-english-muffin,906708/",[]
"/recipe/nutrition/caprese-eggs-and-portabella-mushrooms,907049/",[]
"/recipe/nutrition/hot-and-spicy-indian-scrambled-egg-chutney,386786/",[]
"/recipe/nutrition/overnight-raspberry-vanilla-muesli,906418/",[]
"/recipe/nutrition/peach-and-blueberry-parfait,717844/",[]
"/recipe/nutrition/to-go-breakfast-quesadillas,412911/",[]
"/recipe/nutrition/microwave-poached-eggs,39219/",[]
"/recipe/nutrition/cauliflower-and-feta-omelet,45302/",[]
"/recipe/nutrition/banana-bread-oatmeal,45696/",[]
"/recipe/nutrition/morning-fruity-protein-shake,927771/",[]
"/recipe/nutrition/overnight-banana-and-zucchini-oats,949328/",[]
"/recipe/nutrition/blueberry-oatmeal-smoothie,906549/",[]
"/recipe/nutrition/fried-egg-sandwich,931796/",[]
"/recipe/nutrition/cream-cheese-omelet,906807/",[]
"/recipe/nutrition/zucchini-bread-overnight-oats,950208/",[]
"/recipe/nutrition/ham-and-veggie-omelet,930883/",[]
"/recipe/nutrition/scrambled-eggs-with-bacon-and-avocado,905835/",[]
"/recipe/nutrition/sausage-and-sweet-potato-casserole,989839/",[]
"/recipe/nutrition/english-muffin-breakfast-pizza,963099/",[]
"/recipe/nutrition/creme-fraiche-and-chive-scrambled-eggs,906977/",[]
"/recipe/nutrition/vanilla-greek-yogurt,254520/",[]
"/recipe/nutrition/apple-walnut-parfait,1019347/",[]
"/recipe/nutrition/simple-vegetable-egg-bake,421993/",[]
"/recipe/nutrition/kimchi-tofu-scramble-tacos,958709/",[]
"/recipe/nutrition/basic-egg-white-omelet,34085/",[]
"/recipe/nutrition/ham-and-cheese-quiche,34998/",[]
"/recipe/nutrition/chocolate-avocado-smoothie,946463/",[]
"/recipe/nutrition/coffee-and-banana-protein-smoothie,968768/",[]
"/recipe/nutrition/baked-sausage-spinach-and-egg-taquitos,942584/",[]
"/recipe/nutrition/scrambled-eggs-with-smoked-salmon-and-lemon-cream,45504/",[]
"/recipe/nutrition/belgian-waffles,936056/",[]
"/recipe/nutrition/egg-white-spinach-feta-wrap,906397/",[]
"/recipe/nutrition/super-pancakes,45238/",[]
"/recipe/nutrition/protein-tiramisu-pancakes,56475/",[]
"/recipe/nutrition/savory-manicotti-pancakes,1181251/",[]
"/recipe/nutrition/salmon-potato-scramble,33961/",[]
"/recipe/nutrition/whole-grain-pancakes-with-wild-blueberry-maple-syr,56983/",[]
"/recipe/nutrition/skinny-veggie-egg-muffins,906400/",[]
"/recipe/nutrition/savory-cheese-chive-waffles,211867/",[]
"/recipe/nutrition/cornflake-crunch-french-toast,940704/",[]
"/recipe/nutrition/greek-yogurt-and-jam-parfait,906908/",[]
"/recipe/nutrition/overnight-chia-seed-oatmeal,1015981/",[]
"/recipe/nutrition/spinach-onion-scramble,413015/",[]
"/recipe/nutrition/french-toast-with-fruit,35060/",[]
"/recipe/nutrition/basic-scrambled-eggs,34096/",[]
"/recipe/nutrition/high-protein-pancakes,1030003/",[]
"/recipe/nutrition/skinny-pancakes,906497/",[]
"/recipe/nutrition/pesto-scrambled-eggs,38199/",[]
"/recipe/nutrition/oatmeal-and-raisins,34542/",[]
"/recipe/nutrition/oat-bran-and-cinnamon,34576/",[]
"/recipe/nutrition/cinnamon-vanilla-breakfast-protein-bites,338110/",[]
"/recipe/nutrition/baked-spinach-and-eggs,385883/",[]
"/recipe/nutrition/thin-green-spinach-and-herb-omelet,211297/",[]
"/recipe/nutrition/peanut-butter-raisin-oatmeal,1011238/",[]
"/recipe/nutrition/quick-banana-berry-breakfast,921899/",[]
"/recipe/nutrition/quinoa-and-berries,1014262/",[]
"/recipe/nutrition/dried-fruit-and-almond-granola,905671/",[]
"/recipe/nutrition/simple-california-omelet,947685/",[]
"/recipe/nutrition/raspberry-scones,907151/",[]
"/recipe/nutrition/vanilla-blueberry-protein-muffins,980084/",[]
"/recipe/nutrition/ricotta-blueberry-pancakes,698234/",[]
"/recipe/nutrition/quick-ham-grits,34086/",[]
"/recipe/nutrition/scrambled-eggs-with-chorizo-and-tortillas,45099/",[]
"/recipe/nutrition/turkey-egg-white-omelet,906862/",[]
"/recipe/nutrition/classic-hash-browns,36565/",[]
"/recipe/nutrition/scrambled-eggs-avocado-and-smoked-salmon-on-toast,906015/",[]
"/recipe/nutrition/skillet-baked-eggs,954961/",[]
"/recipe/nutrition/cinnamon-french-toast,944774/",[]
"/recipe/nutrition/soft-boiled-eggs-toast,852857/",[]
"/recipe/nutrition/scrambled-eggs-with-chorizo,906523/",[]
"/recipe/nutrition/ham-and-egg-mushroom-cups,56754/",[]
"/recipe/nutrition/blueberry-vanilla-greek-yogurt,906104/",[]
"/recipe/nutrition/scrambled-eggs-and-broccoli,925720/",[]
"/recipe/nutrition/bacon-egg-and-cheese-in-a-mug,905550/",[]
"/recipe/nutrition/cottage-cheese-pancakes,36595/",[]
"/recipe/nutrition/gluten-free-banana-egg-pancake,211293/",[]
"/recipe/nutrition/asparagus-and-cashew-omelet,54630/",[]
"/recipe/nutrition/mini-vegetable-frittatas,906860/",[]
"/recipe/nutrition/green-eggs,906012/",[]
"/recipe/nutrition/low-carb-blueberry-muffin,987051/",[]
"/recipe/nutrition/egg-and-veggie-breakfast-sandwich,957200/",[]
"/recipe/nutrition/cinnamon-oatmeal-pancakes,209445/",[]
"/recipe/nutrition/smoky-scrambled-eggs,412885/",[]
"/recipe/nutrition/soft-scrambled-eggs-with-goat-cheese-and-asparagus,924585/",[]
"/recipe/nutrition/oatmeal-banana-peanut-butter-chocolate-shake,43621/",[]
"/recipe/nutrition/maple-brown-sugar-oatmeal,905744/",[]
"/recipe/nutrition/blueberry-muffin-overnight-oats,906208/",[]
"/recipe/nutrition/cinnamon-blueberry-oatmeal,921893/",[]
"/recipe/nutrition/10-minute-energizing-oatmeal,921900/",[]
"/recipe/nutrition/banana-nut-oatmeal,944791/",[]
"/recipe/nutrition/cinnamon-porridge-with-blueberries-and-greek-yogur,924597/",[]
"/recipe/nutrition/whole-wheat-toast,814308/",[]
"/recipe/nutrition/spinach-frittata-with-sweet-potato-crust,416875/",[]
"/recipe/nutrition/cheesy-veggie-bake,962373/",[]
"/recipe/nutrition/sweet-potato-muffins,56834/",[]
"/recipe/nutrition/blueberry-smoothie,939599/",[]
"/recipe/nutrition/spinach-scrambled-eggs,906880/",[]
"/recipe/nutrition/carrot-cake-oatmeal,931786/",[]
"/recipe/nutrition/eggs-with-hats-on-top,39289/",[]
"/recipe/nutrition/spinach-swiss-and-egg-white-omelet,906792/",[]
"/recipe/nutrition/breakfast-quinoa,717761/",[]
"/recipe/nutrition/zucchini-hash,254574/",[]
"/recipe/nutrition/eggs-with-onion-and-green-pepper,907123/",[]
"/recipe/nutrition/morning-roasted-potatoes,36642/",[]
"/recipe/nutrition/orange-breakfast-quinoa,906055/",[]
"/recipe/nutrition/strawberries,477663/",[]
"/recipe/nutrition/easy-to-peel-hard-boiled-eggs,39296/",[]
"/recipe/nutrition/mushroom-spinach-omelet-recipe,717785/",[]
"/recipe/nutrition/low-carb-asiago-baked-eggs,417275/",[]
"/recipe/nutrition/oatmeal-with-blueberries-sunflower-seeds-and-agave,905703/",[]
"/recipe/nutrition/ham-and-egg-scramble,928005/",[]
"/recipe/nutrition/scrambled-eggs-with-spinach-and-feta,207668/",[]
"/recipe/nutrition/prosciutto-wrapped-mini-frittata-muffins,978548/",[]
"/recipe/nutrition/clean-eating-protein-pancakes,925225/",[]
"/recipe/nutrition/protein-silver-dollar-blueberry-pancakes,1015984/",[]
"/recipe/nutrition/hazelnut-and-banana-sushi,341850/",[]
"/recipe/nutrition/over-easy-eggs,717884/",[]
"/recipe/nutrition/basic-eggs,905711/",[]
"/recipe/nutrition/raisin-oat-muffins,906176/",[]
"/recipe/nutrition/papaya-and-oat-chia-smoothie,907131/",[]
"/recipe/nutrition/overnight-oats-with-figs-and-honey,961765/",[]
"/recipe/nutrition/vegetarian-quorn-colombian-scrambed-eggs,955645/",[]
"/recipe/nutrition/berry-almond-green-smoothie,930960/",[]
"/recipe/nutrition/kale-peppers-tomatoes-and-cashew-scramble,906212/",[]
"/recipe/nutrition/almond-butter-smoothie,939598/",[]
"/recipe/nutrition/bruleed-banana-and-peanut-butter-english-muffins,386724/",[]
"/recipe/nutrition/microwave-amaranth-porridge,906398/",[]
"/recipe/nutrition/dark-chocolate-oatmeal,49592/",[]
"/recipe/nutrition/hawaiian-pineapple-egg-scramble,907184/",[]
"/recipe/nutrition/buckwheat-groats-with-milk,906086/",[]
"/recipe/nutrition/scrambled-eggs-on-toast-with-vegemite-and-avocado,1012760/",[]
"/recipe/nutrition/spinach-and-poached-egg-muffins,936001/",[]
"/recipe/nutrition/baked-apples-with-maple-syrup-and-granola,35200/",[]
"/recipe/nutrition/island-in-the-sun-smoothie,962344/",[]
"/recipe/nutrition/southwest-omelet,1009705/",[]
"/recipe/nutrition/overnight-blueberry-maple-oatmeal,1019366/",[]
"/recipe/nutrition/sunflower-butter-smoothie,717906/",[]
"/recipe/nutrition/puffy-corn-omelet,45291/",[]
"/recipe/nutrition/peach-yogurt-bowl,412990/",[]
"/recipe/nutrition/cottage-cheese-spinach-and-tomato-omelet,956541/",[]
"/recipe/nutrition/cold-flax-oatmeal,933719/",[]
"/recipe/nutrition/pear-green-smoothie,920483/",[]
"/recipe/nutrition/banana-flax-pancakes,956522/",[]
"/recipe/nutrition/grain-free-apple-almond-pancakes,717863/",[]
"/recipe/nutrition/classic-scones-with-jam,947733/",[]
"/recipe/nutrition/light-nectarine-yogurt,938689/",[]
"/recipe/nutrition/steam-callaloo,853843/",[]
"/recipe/nutrition/corned-beef-on-toast,36592/",[]
"/recipe/nutrition/low-carb-eggs-in-a-nest,390659/",[]
"/recipe/nutrition/banana-and-peanut-butter-swirl-muffins,966126/",[]
"/recipe/nutrition/coconut-peach-smoothie,946458/",[]
"/recipe/nutrition/overnight-blueberry-chia-seed-oatmeal,950238/",[]
"/recipe/nutrition/open-face-breakfast-sandwich,906183/",[]
"/recipe/nutrition/corned-beef-hash,36590/",[]
"/recipe/nutrition/protein-waffles,1019309/",[]
"/recipe/nutrition/coconut-banana-oatmeal-smoothie,906122/",[]
"/recipe/nutrition/keto-pancakes,924621/",[]
"/recipe/nutrition/cinnamon-sugar-apple-muffins,967723/",[]
"/recipe/nutrition/orange-creamcicle-chia-pudding,337823/",[]
"/recipe/nutrition/eggs-turkey-spinach-roasted-potatoes,991697/",[]
"/recipe/nutrition/seedy-avocado-toast,412975/",[]
"/recipe/nutrition/light-raspberry-yogurt,34572/",[]
"/recipe/nutrition/keto-jalepeno-breakfast-muffins,255185/",[]
"/recipe/nutrition/goat-cheese-and-herb-omelet,33598/",[]
"/recipe/nutrition/yogurt-parfait,906673/",[]
"/recipe/nutrition/protein-southwest-scramble,254564/",[]
"/recipe/nutrition/roast-pumpkin-frittata,998145/",[]
"/recipe/nutrition/grilled-avocado-with-melted-cheese-and-hot-sauce,954964/",[]
"/recipe/nutrition/turkish-style-zucchini-fritters,906947/",[]
"/recipe/nutrition/turkey-sausage-egg-muffins,906720/",[]
"/recipe/nutrition/spanish-style-toast-with-tomato,906918/",[]
"/recipe/nutrition/egg-casserole,906432/",[]
"/recipe/nutrition/banana-pecan-cornmeal-pancakes,45064/",[]
"/recipe/nutrition/veg-heavy-toast,950215/",[]
"/recipe/nutrition/spinach-and-kale-savory-oatmeal,906973/",[]
"/recipe/nutrition/3-vegetable-tofu-scramble,1009738/",[]
"/recipe/nutrition/ricotta-blueberry-pancakes,698238/",[]
"/recipe/nutrition/veggie-and-ham-omelet,906033/",[]
"/recipe/nutrition/blueberry-and-chia-overnight-oats,973232/",[]
"/recipe/nutrition/vegan-chocolate-zucchini-oats,949329/",[]
"/recipe/nutrition/spinach-scramble,955648/",[]
"/recipe/nutrition/stir-fried-egg-and-tomato,45413/",[]
"/recipe/nutrition/chocolate-banana-protein-pancakes,950220/",[]
"/recipe/nutrition/banana-oat-and-chia-smoothie,936042/",[]
"/recipe/nutrition/overnight-banana-chai-breakfast-shake,906962/",[]
"/recipe/nutrition/pineapple-parsley-and-ginger-smoothie,905551/",[]
"/recipe/nutrition/banana-mash-muscle-muffins,56829/",[]
"/recipe/nutrition/canadian-bacon-breakfast-sandwich,978539/",[]
"/recipe/nutrition/mushroom-and-cheddar-omelet,206118/",[]
"/recipe/nutrition/chia-coconut-pudding,907015/",[]
"/recipe/nutrition/vanilla-walnut-blueberry-yogurt,905947/",[]
"/recipe/nutrition/chestnut-pancakes-with-bacon-and-creme-fraiche,56993/",[]
"/recipe/nutrition/cinnamon-and-allspice-french-toast,944794/",[]
"/recipe/nutrition/pbj-smoothie,48198/",[]
"/recipe/nutrition/veggie-omelet,942543/",[]
"/recipe/nutrition/basic-scrambled-eggs,253957/",[]
"/recipe/nutrition/spinach-and-banana-smoothie,930980/",[]
"/recipe/nutrition/breakfast-cheesecake,905528/",[]
"/recipe/nutrition/sausage-and-egg-bites,976326/",[]
"/recipe/nutrition/mug-omelet,906063/",[]
"/recipe/nutrition/cinnamon-toast,36559/",[]
"/recipe/nutrition/fried-eggs-on-toast-with-pepper-jack-and-avocado,45102/",[]
"/recipe/nutrition/make-ahead-breakfast-burritos,905615/",[]
"/recipe/nutrition/poached-eggs-alla-pizzaiola,717707/",[]
"/recipe/nutrition/egg-white-and-mushroom-omelet,927284/",[]
"/recipe/nutrition/strawberry-smoothie-bowl,940707/",[]
"/recipe/nutrition/sausage-and-egg-breakfast-burrito,980825/",[]
"/recipe/nutrition/dairy-free-strawberry-oatmeal,717789/",[]
"/recipe/nutrition/coconut-rice-pudding,35015/",[]
"/recipe/nutrition/pumpkin-pie-oatmeal,940751/",[]
"/recipe/nutrition/cinnamon-swirl-pumpkin-pie-protein-pancakes,203721/",[]
"/recipe/nutrition/cinnamon-protein-oats,929924/",[]
"/recipe/nutrition/peanut-butter-and-banana-toast,1014207/",[]
"/recipe/nutrition/egg-muffins,942525/",[]
"/recipe/nutrition/garlic-eggs,906130/",[]
"/recipe/nutrition/1-week-of-oats-in-5-minutes,927868/",[]
"/recipe/nutrition/curry-cheddar-scrambled-eggs,36623/",[]
"/recipe/nutrition/toad-in-the-hole-with-bacon,951730/",[]
"/recipe/nutrition/cheesy-scrambled-eggs-with-scallions,921300/",[]
"/recipe/nutrition/coconut-cinnamon-muesli,1012974/",[]
"/recipe/nutrition/muesli,921321/",[]
"/recipe/nutrition/tofu-scrambled-eggs,717808/",[]
"/recipe/nutrition/scrambled-eggs-with-onion-flakes,906179/",[]
"/recipe/nutrition/cabbage-and-carrot-juice,924527/",[]
"/recipe/nutrition/baked-banana-nut-donuts,968229/",[]
"/recipe/nutrition/fruity-date-oatmeal,717859/",[]
"/recipe/nutrition/cottage-cheese-pizza-dough,906461/",[]
"/recipe/nutrition/banana-and-strawberry-wrap,921310/",[]
"/recipe/nutrition/tahini-fruit-dip-with-apples,343687/",[]
"/recipe/nutrition/high-protein-energy-balls,338113/",[]
"/recipe/nutrition/honey-cocoa-oatmeal,948598/",[]
"/recipe/nutrition/protein-pancake,907038/",[]
"/recipe/nutrition/buttered-toast,254567/",[]
"/recipe/nutrition/scrambled-eggs-with-spinach-and-cream-cheese,905630/",[]
"/recipe/nutrition/fast-oatmeal,50036/",[]
"/recipe/nutrition/classic-omelet,34828/",[]
"/recipe/nutrition/bacon,42618/",[]
"/recipe/nutrition/southwestern-eggs,34671/",[]
"/recipe/nutrition/bacon-and-cheddar-grilled-cheese,927340/",[]
"/recipe/nutrition/2-ingredient-protein-pancakes,924559/",[]
"/recipe/nutrition/smashed-avocado-and-garbanzo-beans,906248/",[]
"/recipe/nutrition/pineapple-cottage-cheese-with-lime,907057/",[]
"/recipe/nutrition/eggs-cheese-and-tuna-omelet,906427/",[]
"/recipe/nutrition/buttermilk-pancake,999563/",[]
"/recipe/nutrition/keto-mug-english-muffins,906067/",[]
"/recipe/nutrition/vegan-banana-oat-soy-shake,906806/",[]
"/recipe/nutrition/protein-buddha-bowl,906853/",[]
"/recipe/nutrition/protein-oatmeal-pancakes,49262/",[]
"/recipe/nutrition/turkey-breakfast-sausage,907103/",[]
"/recipe/nutrition/egg-white-avocado-tomato-scramble,412925/",[]
"/recipe/nutrition/berries-and-creme-protein-pancakes,412947/",[]
"/recipe/nutrition/turkey-mushroom-and-spinach-egg-muffins,1028357/",[]
"/recipe/nutrition/mushroom-spinach-and-goat-cheese-omelet,717815/",[]
"/recipe/nutrition/nectarine-oatmeal,906226/",[]
"/recipe/nutrition/egg-stuffed-avocado,412919/",[]
"/recipe/nutrition/greek-yogurt-fruit-and-cereal,55738/",[]
"/recipe/nutrition/blueberry-oatmeal,52712/",[]
"/recipe/nutrition/very-berry-greek-yogurt,907071/",[]
"/recipe/nutrition/greek-yogurt-and-fruit-salad,39532/",[]
"/recipe/nutrition/raspberry-greek-yogurt,254522/",[]
"/recipe/nutrition/morning-salmon-salad,35039/",[]
"/recipe/nutrition/greek-yogurt-with-blueberries-walnuts-honey,412891/",[]
"/recipe/nutrition/scrambled-eggs-with-feta,906457/",[]
"/recipe/nutrition/peanut-butter-banana-oatmeal,54631/",[]
"/recipe/nutrition/everyday-fluffy-scrambled-eggs,1017589/",[]
"/recipe/nutrition/keto-lemon-blueberry-muffins,906125/",[]
"/recipe/nutrition/onion-and-tomato-omelet,412942/",[]
"/recipe/nutrition/banana-oatmeal-smoothie,42556/",[]
"/recipe/nutrition/cranberry-banana-oatmeal,906966/",[]
"/recipe/nutrition/sausage-and-egg-white-scramble,906254/",[]
"/recipe/nutrition/cheese-egg-white-omelette,412935/",[]
"/recipe/nutrition/high-protein-banana-bread,979456/",[]
"/recipe/nutrition/tomato-scrambled-eggs,906301/",[]
"/recipe/nutrition/blueberries,474379/",[]
"/recipe/nutrition/scrambled-eggs-with-mushrooms,951671/",[]
"/recipe/nutrition/cinnamon-honey-corn-flakes,905783/",[]
"/recipe/nutrition/oatmeal-cottage-cheese-pancakes,39211/",[]
"/recipe/nutrition/gordon-ramsays-scrambled-eggs,33946/",[]
"/recipe/nutrition/sausage-and-egg-breakfast-sandwich,906627/",[]
"/recipe/nutrition/reeses-chocolate-and-peanut-butter-oatmeal,906517/",[]
"/recipe/nutrition/easy-hard-boiled-eggs,36640/",[]
"/recipe/nutrition/avocado-smoked-salmon-omelet,885373/",[]
"/recipe/nutrition/banana,474253/",[]
